frame,x_km,y_km,altura_km,rot_x_deg,rot_y_deg,rot_z_deg,n_crateres
1,130.0000,350.0000,170.0000,0.0000,-0.0000,0.0000,388
2,131.6011,351.6145,169.9998,0.0000,-0.0000,3.2358,387
3,133.2000,353.2217,169.9991,0.0000,-0.0000,6.4706,380
4,134.7965,354.8214,169.9979,0.0000,-0.0000,9.7032,378
5,136.3908,356.4134,169.9962,0.0000,-0.0000,12.9327,365
6,137.9828,357.9972,169.9941,0.0000,-0.0000,16.1581,363
7,139.5725,359.5728,169.9915,0.0000,-0.0000,19.3782,366
8,141.1599,361.1397,169.9885,0.0000,-0.0000,22.5921,378
9,142.7450,362.6977,169.9849,0.0000,-0.0000,25.7986,381
10,144.3278,364.2465,169.9809,0.0000,-0.0000,28.9969,381
11,145.9083,365.7860,169.9765,0.0000,-0.0000,32.1857,383
12,147.4865,367.3158,169.9715,0.0000,-0.0000,35.3642,385
13,149.0624,368.8356,169.9661,0.0000,-0.0000,38.5312,379
14,150.6360,370.3452,169.9602,0.0000,-0.0000,41.6858,373
15,152.2074,371.8444,169.9539,0.0000,-0.0000,44.8269,357
16,153.7765,373.3330,169.9470,0.0000,-0.0000,47.9535,375
17,155.3432,374.8106,169.9397,0.0000,-0.0000,51.0646,374
18,156.9077,376.2770,169.9320,0.0000,-0.0000,54.1592,383
19,158.4698,377.7320,169.9237,0.0000,-0.0000,57.2363,394
20,160.0297,379.1753,169.9150,0.0000,-0.0000,60.2949,395
21,161.5873,380.6068,169.9059,0.0000,-0.0000,63.3340,394
22,163.1426,382.0261,169.8962,0.0000,-0.0000,66.3527,383
23,164.6956,383.4332,169.8861,0.0000,-0.0000,69.3499,369
24,166.2463,384.8276,169.8755,0.0000,-0.0000,72.3247,360
25,167.7948,386.2093,169.8644,0.0000,-0.0000,75.2761,347
26,169.3409,387.5780,169.8529,0.0000,-0.0000,78.2032,371
27,170.8847,388.9335,169.8409,0.0000,-0.0000,81.1050,388
28,172.4263,390.2756,169.8284,0.0000,-0.0000,83.9806,401
29,173.9655,391.6040,169.8155,0.0000,-0.0000,86.8291,408
30,175.5025,392.9186,169.8021,0.0000,-0.0000,89.6495,405
31,177.0372,394.2193,169.7882,0.0000,-0.0000,92.4409,403
32,178.5695,395.5057,169.7738,0.0000,-0.0000,95.2024,402
33,180.0996,396.7777,169.7590,0.0000,-0.0000,97.9332,399
34,181.6274,398.0351,169.7437,0.0000,-0.0000,100.6324,388
35,183.1529,399.2778,169.7279,0.0000,-0.0000,103.2990,379
36,184.6761,400.5055,169.7117,0.0000,-0.0000,105.9322,375
37,186.1970,401.7181,169.6950,0.0000,-0.0000,108.5312,382
38,187.7156,402.9154,169.6778,0.0000,-0.0000,111.0951,404
39,189.2320,404.0972,169.6601,0.0000,-0.0000,113.6231,420
40,190.7460,405.2634,169.6420,0.0000,-0.0000,116.1144,425
41,192.2578,406.4138,169.6234,0.0000,-0.0000,118.5682,436
42,193.7672,407.5483,169.6044,0.0000,-0.0000,120.9836,432
43,195.2744,408.6666,169.5848,0.0000,-0.0000,123.3599,419
44,196.7792,409.7688,169.5648,0.0000,-0.0000,125.6964,413
45,198.2818,410.8545,169.5443,0.0000,-0.0000,127.9923,403
46,199.7821,411.9237,169.5234,0.0000,-0.0000,130.2467,395
47,201.2801,412.9762,169.5020,0.0000,-0.0000,132.4591,383
48,202.7758,414.0120,169.4801,0.0000,-0.0000,134.6287,375
49,204.2692,415.0308,169.4577,0.0000,-0.0000,136.7548,381
50,205.7603,416.0325,169.4349,0.0000,-0.0000,138.8367,389
51,207.2491,417.0171,169.4116,0.0000,-0.0000,140.8737,396
52,208.7357,417.9844,169.3878,0.0000,-0.0000,142.8651,391
53,210.2199,418.9343,169.3636,0.0000,-0.0000,144.8104,395
54,211.7018,419.8667,169.3389,0.0000,-0.0000,146.7089,408
55,213.1815,420.7815,169.3137,0.0000,-0.0000,148.5600,410
56,214.6589,421.6785,169.2880,0.0000,-0.0000,150.3631,415
57,216.1339,422.5577,169.2619,0.0000,-0.0000,152.1176,413
58,217.6067,423.4190,169.2353,0.0000,-0.0000,153.8229,419
59,219.0772,424.2623,169.2082,0.0000,-0.0000,155.4785,412
60,220.5454,425.0876,169.1807,0.0000,-0.0000,157.0839,409
61,222.0113,425.8946,169.1527,0.0000,-0.0000,158.6384,408
62,223.4749,426.6835,169.1242,0.0000,-0.0000,160.1418,405
63,224.9362,427.4540,169.0953,0.0000,-0.0000,161.5933,394
64,226.3952,428.2061,169.0658,0.0000,-0.0000,162.9927,392
65,227.8519,428.9398,169.0359,0.0000,-0.0000,164.3393,387
66,229.3064,429.6550,169.0056,0.0000,-0.0000,165.6329,389
67,230.7585,430.3516,168.9747,0.0000,-0.0000,166.8729,396
68,232.2084,431.0296,168.9434,0.0000,-0.0000,168.0590,402
69,233.6559,431.6889,168.9117,0.0000,-0.0000,169.1907,412
70,235.1012,432.3296,168.8794,0.0000,-0.0000,170.2678,416
71,236.5442,432.9514,168.8467,0.0000,-0.0000,171.2899,424
72,237.9849,433.5545,168.8135,0.0000,-0.0000,172.2566,430
73,239.4233,434.1388,168.7799,0.0000,-0.0000,173.1676,431
74,240.8594,434.7042,168.7457,0.0000,-0.0000,174.0227,440
75,242.2932,435.2507,168.7111,0.0000,-0.0000,174.8215,444
76,243.7247,435.7784,168.6761,0.0000,-0.0000,175.5639,442
77,245.1539,436.2871,168.6405,0.0000,-0.0000,176.2494,445
78,246.5809,436.7769,168.6045,0.0000,-0.0000,176.8781,448
79,248.0055,437.2478,168.5680,0.0000,-0.0000,177.4495,453
80,249.4278,437.6998,168.5311,0.0000,-0.0000,177.9636,457
81,250.8479,438.1328,168.4937,0.0000,-0.0000,178.4202,457
82,252.2657,438.5468,168.4558,0.0000,-0.0000,178.8192,455
83,253.6811,438.9420,168.4174,0.0000,-0.0000,179.1603,455
84,255.0943,439.3182,168.3786,0.0000,-0.0000,179.4435,457
85,256.5052,439.6755,168.3393,0.0000,-0.0000,179.6688,458
86,257.9138,440.0139,168.2995,0.0000,-0.0000,179.8360,460
87,259.3201,440.3334,168.2592,0.0000,-0.0000,179.9450,461
88,260.7241,440.6342,168.2185,0.0000,-0.0000,179.9959,461
89,262.1258,440.9161,168.1773,0.0000,-0.0000,179.9886,462
90,263.5252,441.1792,168.1357,0.0000,-0.0000,179.9232,462
91,264.9224,441.4235,168.0935,0.0000,-0.0000,179.7996,462
92,266.3172,441.6492,168.0509,0.0000,-0.0000,179.6179,460
93,267.7097,441.8562,168.0079,0.0000,-0.0000,179.3782,460
94,269.1000,442.0446,167.9643,0.0000,-0.0000,179.0804,456
95,270.4880,442.2145,167.9203,0.0000,-0.0000,178.7248,456
96,271.8736,442.3658,167.8758,0.0000,-0.0000,178.3115,457
97,273.2570,442.4987,167.8309,0.0000,-0.0000,177.8405,456
98,274.6381,442.6132,167.7854,0.0000,-0.0000,177.3120,452
99,276.0169,442.7094,167.7395,0.0000,-0.0000,176.7263,454
100,277.3934,442.7873,167.6932,0.0000,-0.0000,176.0834,456
101,278.7676,442.8471,167.6463,0.0000,-0.0000,175.3836,460
102,280.1395,442.8887,167.5990,0.0000,-0.0000,174.6271,458
103,281.5091,442.9124,167.5513,0.0000,-0.0000,173.8142,454
104,282.8765,442.9181,167.5030,0.0000,-0.0000,172.9451,454
105,284.2415,442.9059,167.4543,0.0000,-0.0000,172.0201,452
106,285.6043,442.8760,167.4051,0.0000,-0.0000,171.0396,443
107,286.9647,442.8283,167.3554,0.0000,-0.0000,170.0037,436
108,288.3229,442.7631,167.3053,0.0000,-0.0000,168.9129,438
109,289.6788,442.6805,167.2547,0.0000,-0.0000,167.7675,436
110,291.0323,442.5804,167.2036,0.0000,-0.0000,166.5679,429
111,292.3836,442.4631,167.1521,0.0000,-0.0000,165.3145,419
112,293.7326,442.3286,167.1001,0.0000,-0.0000,164.0076,422
113,295.0793,442.1770,167.0476,0.0000,-0.0000,162.6477,429
114,296.4237,442.0085,166.9946,0.0000,-0.0000,161.2353,445
115,297.7658,441.8232,166.9412,0.0000,-0.0000,159.7708,455
116,299.1057,441.6212,166.8873,0.0000,-0.0000,158.2546,466
117,300.4432,441.4026,166.8329,0.0000,-0.0000,156.6873,461
118,301.7784,441.1675,166.7781,0.0000,-0.0000,155.0693,463
119,303.1114,440.9161,166.7228,0.0000,-0.0000,153.4012,459
120,304.4420,440.6485,166.6670,0.0000,-0.0000,151.6836,463
121,305.7704,440.3649,166.6107,0.0000,-0.0000,149.9169,461
122,307.0965,440.0653,166.5540,0.0000,-0.0000,148.1017,464
123,308.4203,439.7499,166.4968,0.0000,-0.0000,146.2387,462
124,309.7418,439.4189,166.4391,0.0000,-0.0000,144.3285,455
125,311.0610,439.0723,166.3810,0.0000,-0.0000,142.3716,455
126,312.3779,438.7105,166.3224,0.0000,-0.0000,140.3687,449
127,313.6925,438.3334,166.2633,0.0000,-0.0000,138.3204,442
128,315.0048,437.9412,166.2038,0.0000,-0.0000,136.2274,443
129,316.3148,437.5342,166.1438,0.0000,-0.0000,134.0904,436
130,317.6225,437.1124,166.0833,0.0000,-0.0000,131.9100,437
131,318.9280,436.6761,166.0223,0.0000,-0.0000,129.6870,449
132,320.2311,436.2253,165.9609,0.0000,-0.0000,127.4222,453
133,321.5320,435.7602,165.8990,0.0000,-0.0000,125.1161,468
134,322.8306,435.2811,165.8366,0.0000,-0.0000,122.7696,471
135,324.1268,434.7880,165.7738,0.0000,-0.0000,120.3834,473
136,325.4208,434.2812,165.7105,0.0000,-0.0000,117.9583,469
137,326.7125,433.7608,165.6467,0.0000,-0.0000,115.4951,458
138,328.0019,433.2270,165.5824,0.0000,-0.0000,112.9945,456
139,329.2890,432.6799,165.5177,0.0000,-0.0000,110.4575,440
140,330.5738,432.1198,165.4525,0.0000,-0.0000,107.8847,412
141,331.8563,431.5469,165.3868,0.0000,-0.0000,105.2771,399
142,333.1365,430.9612,165.3207,0.0000,-0.0000,102.6354,405
143,334.4145,430.3630,165.2541,0.0000,-0.0000,99.9606,420
144,335.6901,429.7525,165.1870,0.0000,-0.0000,97.2535,422
145,336.9635,429.1299,165.1194,0.0000,-0.0000,94.5149,424
146,338.2345,428.4953,165.0514,0.0000,-0.0000,91.7458,414
147,339.5033,427.8489,164.9829,0.0000,-0.0000,88.9470,403
148,340.7698,427.1910,164.9140,0.0000,-0.0000,86.1195,406
149,342.0340,426.5217,164.8445,0.0000,-0.0000,83.2642,398
150,343.2958,425.8412,164.7746,0.0000,-0.0000,80.3820,386
151,344.5554,425.1497,164.7043,0.0000,-0.0000,77.4737,390
152,345.8127,424.4474,164.6334,0.0000,-0.0000,74.5405,376
153,347.0677,423.7346,164.5621,0.0000,-0.0000,71.5831,378
154,348.3205,423.0114,164.4903,0.0000,-0.0000,68.6026,386
155,349.5709,422.2779,164.4181,0.0000,-0.0000,65.6000,382
156,350.8190,421.5345,164.3453,0.0000,-0.0000,62.5761,385
157,352.0649,420.7813,164.2721,0.0000,-0.0000,59.5320,378
158,353.3084,420.0185,164.1985,0.0000,-0.0000,56.4687,375
159,354.5497,419.2464,164.1243,0.0000,-0.0000,53.3871,379
160,355.7887,418.4650,164.0497,0.0000,-0.0000,50.2883,378
161,357.0253,417.6747,163.9746,0.0000,-0.0000,47.1732,370
162,358.2597,416.8757,163.8991,0.0000,-0.0000,44.0429,369
163,359.4918,416.0681,163.8231,0.0000,-0.0000,40.8983,393
164,360.7216,415.2522,163.7466,0.0000,-0.0000,37.7406,411
165,361.9491,414.4282,163.6696,0.0000,-0.0000,34.5706,412
166,363.1743,413.5962,163.5922,0.0000,-0.0000,31.3894,421
167,364.3972,412.7565,163.5143,0.0000,-0.0000,28.1982,418
168,365.6179,411.9094,163.4359,0.0000,-0.0000,24.9977,416
169,366.8362,411.0550,163.3570,0.0000,-0.0000,21.7893,412
170,368.0522,410.1935,163.2777,0.0000,-0.0000,18.5737,403
171,369.2660,409.3251,163.1979,0.0000,-0.0000,15.3522,392
172,370.4774,408.4501,163.1177,0.0000,-0.0000,12.1257,413
173,371.6866,407.5687,163.0369,0.0000,-0.0000,8.8953,429
174,372.8935,406.6811,162.9557,0.0000,-0.0000,5.6620,443
175,374.0981,405.7875,162.8741,0.0000,-0.0000,2.4269,452
176,375.3004,404.8881,162.7919,0.0000,-0.0000,-0.8090,450
177,376.5004,403.9832,162.7093,0.0000,-0.0000,-4.0446,458
178,377.6981,403.0729,162.6262,0.0000,-0.0000,-7.2790,463
179,378.8935,402.1575,162.5427,0.0000,-0.0000,-10.5109,452
180,380.0866,401.2371,162.4586,0.0000,-0.0000,-13.7395,439
181,381.2774,400.3121,162.3741,0.0000,-0.0000,-16.9637,452
182,382.4660,399.3826,162.2892,0.0000,-0.0000,-20.1823,446
183,383.6522,398.4488,162.2037,0.0000,-0.0000,-23.3945,459
184,384.8362,397.5109,162.1178,0.0000,-0.0000,-26.5990,467
185,386.0178,396.5692,162.0314,0.0000,-0.0000,-29.7950,477
186,387.1972,395.6239,161.9446,0.0000,-0.0000,-32.9814,480
187,388.3743,394.6751,161.8573,0.0000,-0.0000,-36.1570,477
188,389.5490,393.7232,161.7695,0.0000,-0.0000,-39.3210,453
189,390.7215,392.7683,161.6812,0.0000,-0.0000,-42.4723,451
190,391.8917,391.8106,161.5925,0.0000,-0.0000,-45.6099,442
191,393.0596,390.8503,161.5033,0.0000,-0.0000,-48.7327,456
192,394.2252,389.8877,161.4136,0.0000,-0.0000,-51.8398,469
193,395.3886,388.9229,161.3235,0.0000,-0.0000,-54.9301,475
194,396.5496,387.9562,161.2328,0.0000,-0.0000,-58.0027,482
195,397.7083,386.9878,161.1418,0.0000,-0.0000,-61.0565,479
196,398.8648,386.0179,161.0502,0.0000,-0.0000,-64.0906,472
197,400.0189,385.0467,160.9582,0.0000,-0.0000,-67.1040,477
198,401.1708,384.0743,160.8657,0.0000,-0.0000,-70.0957,476
199,402.3204,383.1011,160.7727,0.0000,-0.0000,-73.0648,471
200,403.4676,382.1273,160.6793,0.0000,-0.0000,-76.0102,468
201,404.6126,381.1529,160.5854,0.0000,-0.0000,-78.9310,490
202,405.7553,380.1783,160.4910,0.0000,-0.0000,-81.8264,514
203,406.8957,379.2035,160.3961,0.0000,-0.0000,-84.6953,518
204,408.0338,378.2290,160.3008,0.0000,-0.0000,-87.5368,527
205,409.1696,377.2547,160.2050,0.0000,-0.0000,-90.3501,532
206,410.3032,376.2810,160.1087,0.0000,-0.0000,-93.1341,532
207,411.4344,375.3080,160.0120,0.0000,-0.0000,-95.8881,531
208,412.5633,374.3359,159.9148,0.0000,-0.0000,-98.6110,529
209,413.6900,373.3650,159.8171,0.0000,-0.0000,-101.3021,520
210,414.8143,372.3954,159.7190,0.0000,-0.0000,-103.9604,500
211,415.9364,371.4273,159.6204,0.0000,-0.0000,-106.5852,501
212,417.0561,370.4609,159.5213,0.0000,-0.0000,-109.1755,515
213,418.1736,369.4964,159.4217,0.0000,-0.0000,-111.7305,527
214,419.2888,368.5339,159.3217,0.0000,-0.0000,-114.2494,535
215,420.4017,367.5738,159.2212,0.0000,-0.0000,-116.7314,541
216,421.5123,366.6161,159.1202,0.0000,-0.0000,-119.1756,541
217,422.6206,365.6610,159.0188,0.0000,-0.0000,-121.5814,538
218,423.7266,364.7088,158.9169,0.0000,-0.0000,-123.9478,535
219,424.8303,363.7595,158.8145,0.0000,-0.0000,-126.2742,539
220,425.9318,362.8135,158.7116,0.0000,-0.0000,-128.5598,535
221,427.0309,361.8708,158.6083,0.0000,-0.0000,-130.8038,525
222,428.1278,360.9317,158.5045,0.0000,-0.0000,-133.0056,517
223,429.2223,359.9962,158.4002,0.0000,-0.0000,-135.1643,501
224,430.3146,359.0647,158.2955,0.0000,-0.0000,-137.2794,509
225,431.4045,358.1372,158.1903,0.0000,-0.0000,-139.3501,514
226,432.4922,357.2140,158.0846,0.0000,-0.0000,-141.3758,517
227,433.5776,356.2951,157.9785,0.0000,-0.0000,-143.3558,521
228,434.6607,355.3808,157.8718,0.0000,-0.0000,-145.2895,522
229,435.7415,354.4713,157.7647,0.0000,-0.0000,-147.1762,525
230,436.8200,353.5666,157.6572,0.0000,-0.0000,-149.0153,525
231,437.8962,352.6670,157.5491,0.0000,-0.0000,-150.8063,518
232,438.9701,351.7726,157.4406,0.0000,-0.0000,-152.5485,513
233,440.0418,350.8835,157.3317,0.0000,-0.0000,-154.2415,507
234,441.1111,350.0000,157.2222,0.0000,-0.0000,-155.8846,506
235,442.1782,349.1221,157.1123,0.0000,-0.0000,-157.4773,496
236,443.2429,348.2501,157.0019,0.0000,-0.0000,-159.0191,483
237,444.3054,347.3840,156.8911,0.0000,-0.0000,-160.5095,475
238,445.3655,346.5241,156.7797,0.0000,-0.0000,-161.9481,465
239,446.4234,345.6704,156.6679,0.0000,-0.0000,-163.3343,455
240,447.4790,344.8231,156.5557,0.0000,-0.0000,-164.6677,458
241,448.5323,343.9823,156.4429,0.0000,-0.0000,-165.9479,459
242,449.5833,343.1482,156.3297,0.0000,-0.0000,-167.1745,467
243,450.6320,342.3209,156.2160,0.0000,-0.0000,-168.3470,470
244,451.6784,341.5006,156.1019,0.0000,-0.0000,-169.4651,469
245,452.7225,340.6873,155.9873,0.0000,-0.0000,-170.5285,460
246,453.7644,339.8812,155.8722,0.0000,-0.0000,-171.5368,457
247,454.8039,339.0825,155.7566,0.0000,-0.0000,-172.4896,457
248,455.8412,338.2912,155.6406,0.0000,-0.0000,-173.3867,455
249,456.8761,337.5075,155.5241,0.0000,-0.0000,-174.2277,461
250,457.9088,336.7314,155.4071,0.0000,-0.0000,-175.0124,458
251,458.9392,335.9632,155.2896,0.0000,-0.0000,-175.7406,461
252,459.9672,335.2029,155.1717,0.0000,-0.0000,-176.4119,464
253,460.9930,334.4506,155.0533,0.0000,-0.0000,-177.0263,460
254,462.0165,333.7065,154.9345,0.0000,-0.0000,-177.5834,460
255,463.0377,332.9706,154.8151,0.0000,-0.0000,-178.0832,469
256,464.0566,332.2430,154.6953,0.0000,-0.0000,-178.5254,466
257,465.0732,331.5239,154.5751,0.0000,-0.0000,-178.9099,462
258,466.0876,330.8134,154.4543,0.0000,-0.0000,-179.2365,458
259,467.0996,330.1115,154.3331,0.0000,-0.0000,-179.5053,454
260,468.1093,329.4184,154.2114,0.0000,-0.0000,-179.7160,453
261,469.1168,328.7341,154.0893,0.0000,-0.0000,-179.8687,455
262,470.1219,328.0587,153.9666,0.0000,-0.0000,-179.9632,459
263,471.1248,327.3923,153.8436,0.0000,-0.0000,-179.9995,462
264,472.1254,326.7351,153.7200,0.0000,-0.0000,-179.9777,466
265,473.1237,326.0870,153.5959,0.0000,-0.0000,-179.8977,473
266,474.1196,325.4481,153.4714,0.0000,-0.0000,-179.7596,472
267,475.1133,324.8186,153.3465,0.0000,-0.0000,-179.5634,473
268,476.1047,324.1985,153.2210,0.0000,-0.0000,-179.3092,467
269,477.0938,323.5879,153.0951,0.0000,-0.0000,-178.9970,468
270,478.0807,322.9869,152.9687,0.0000,-0.0000,-178.6269,470
271,479.0652,322.3955,152.8418,0.0000,-0.0000,-178.1991,472
272,480.0474,321.8137,152.7145,0.0000,-0.0000,-177.7137,466
273,481.0274,321.2417,152.5867,0.0000,-0.0000,-177.1709,464
274,482.0050,320.6795,152.4584,0.0000,-0.0000,-176.5709,461
275,482.9804,320.1271,152.3297,0.0000,-0.0000,-175.9137,457
276,483.9534,319.5847,152.2005,0.0000,-0.0000,-175.1998,452
277,484.9242,319.0523,152.0708,0.0000,-0.0000,-174.4292,457
278,485.8927,318.5298,151.9406,0.0000,-0.0000,-173.6022,458
279,486.8589,318.0174,151.8100,0.0000,-0.0000,-172.7191,460
280,487.8228,317.5152,151.6789,0.0000,-0.0000,-171.7802,464
281,488.7844,317.0230,151.5473,0.0000,-0.0000,-170.7858,461
282,489.7437,316.5411,151.4153,0.0000,-0.0000,-169.7361,457
283,490.7007,316.0694,151.2828,0.0000,-0.0000,-168.6317,453
284,491.6554,315.6079,151.1498,0.0000,-0.0000,-167.4727,445
285,492.6079,315.1567,151.0163,0.0000,-0.0000,-166.2596,426
286,493.5580,314.7159,150.8824,0.0000,-0.0000,-164.9928,422
287,494.5058,314.2853,150.7480,0.0000,-0.0000,-163.6726,430
288,495.4514,313.8652,150.6131,0.0000,-0.0000,-162.2995,432
289,496.3947,313.4554,150.4778,0.0000,-0.0000,-160.8740,436
290,497.3356,313.0561,150.3420,0.0000,-0.0000,-159.3965,435
291,498.2743,312.6672,150.2057,0.0000,-0.0000,-157.8675,441
292,499.2107,312.2887,150.0690,0.0000,-0.0000,-156.2875,441
293,500.1448,311.9206,149.9318,0.0000,-0.0000,-154.6569,445
294,501.0766,311.5631,149.7941,0.0000,-0.0000,-152.9764,444
295,502.0061,311.2159,149.6559,0.0000,-0.0000,-151.2465,439
296,502.9333,310.8793,149.5173,0.0000,-0.0000,-149.4676,434
297,503.8583,310.5531,149.3782,0.0000,-0.0000,-147.6405,430
298,504.7809,310.2374,149.2386,0.0000,-0.0000,-145.7656,429
299,505.7012,309.9322,149.0986,0.0000,-0.0000,-143.8436,424
300,506.6193,309.6374,148.9581,0.0000,-0.0000,-141.8751,413
301,507.5350,309.3531,148.8171,0.0000,-0.0000,-139.8608,398
302,508.4485,309.0792,148.6756,0.0000,-0.0000,-137.8013,396
303,509.3597,308.8158,148.5337,0.0000,-0.0000,-135.6972,382
304,510.2686,308.5628,148.3913,0.0000,-0.0000,-133.5493,378
305,511.1751,308.3201,148.2484,0.0000,-0.0000,-131.3583,383
306,512.0794,308.0879,148.1051,0.0000,-0.0000,-129.1247,392
307,512.9815,307.8660,147.9613,0.0000,-0.0000,-126.8495,403
308,513.8812,307.6545,147.8170,0.0000,-0.0000,-124.5332,406
309,514.7786,307.4533,147.6723,0.0000,-0.0000,-122.1767,405
310,515.6737,307.2623,147.5270,0.0000,-0.0000,-119.7807,410
311,516.5665,307.0816,147.3813,0.0000,-0.0000,-117.3460,409
312,517.4571,306.9112,147.2352,0.0000,-0.0000,-114.8734,414
313,518.3453,306.7509,147.0885,0.0000,-0.0000,-112.3636,411
314,519.2313,306.6007,146.9414,0.0000,-0.0000,-109.8176,394
315,520.1150,306.4607,146.7939,0.0000,-0.0000,-107.2360,379
316,520.9963,306.3307,146.6458,0.0000,-0.0000,-104.6198,374
317,521.8754,306.2108,146.4973,0.0000,-0.0000,-101.9698,383
318,522.7522,306.1009,146.3483,0.0000,-0.0000,-99.2868,405
319,523.6267,306.0008,146.1989,0.0000,-0.0000,-96.5717,408
320,524.4989,305.9107,146.0489,0.0000,-0.0000,-93.8255,409
321,525.3688,305.8304,145.8985,0.0000,-0.0000,-91.0489,414
322,526.2364,305.7599,145.7477,0.0000,-0.0000,-88.2428,418
323,527.1018,305.6991,145.5963,0.0000,-0.0000,-85.4083,409
324,527.9648,305.6479,145.4445,0.0000,-0.0000,-82.5461,396
325,528.8255,305.6064,145.2922,0.0000,-0.0000,-79.6573,382
326,529.6840,305.5744,145.1395,0.0000,-0.0000,-76.7427,365
327,530.5402,305.5519,144.9863,0.0000,-0.0000,-73.8034,363
328,531.3940,305.5389,144.8326,0.0000,-0.0000,-70.8401,381
329,532.2456,305.5352,144.6784,0.0000,-0.0000,-67.8540,389
330,533.0949,305.5407,144.5238,0.0000,-0.0000,-64.8460,397
331,533.9419,305.5555,144.3687,0.0000,-0.0000,-61.8170,402
332,534.7866,305.5795,144.2131,0.0000,-0.0000,-58.7680,395
333,535.6290,305.6125,144.0570,0.0000,-0.0000,-55.7000,382
334,536.4691,305.6545,143.9005,0.0000,-0.0000,-52.6140,376
335,537.3069,305.7054,143.7435,0.0000,-0.0000,-49.5110,367
336,538.1424,305.7652,143.5861,0.0000,-0.0000,-46.3920,356
337,538.9757,305.8337,143.4281,0.0000,-0.0000,-43.2581,347
338,539.8066,305.9110,143.2697,0.0000,-0.0000,-40.1101,364
339,540.6353,305.9968,143.1109,0.0000,-0.0000,-36.9492,381
340,541.4616,306.0911,142.9515,0.0000,-0.0000,-33.7763,397
341,542.2857,306.1939,142.7917,0.0000,-0.0000,-30.5925,402
342,543.1075,306.3050,142.6314,0.0000,-0.0000,-27.3989,403
343,543.9269,306.4244,142.4707,0.0000,-0.0000,-24.1963,390
344,544.7441,306.5519,142.3094,0.0000,-0.0000,-20.9860,383
345,545.5590,306.6876,142.1478,0.0000,-0.0000,-17.7689,364
346,546.3716,306.8312,141.9856,0.0000,-0.0000,-14.5460,349
347,547.1820,306.9826,141.8229,0.0000,-0.0000,-11.3184,374
348,547.9900,307.1419,141.6598,0.0000,-0.0000,-8.0872,387
349,548.7957,307.3089,141.4962,0.0000,-0.0000,-4.8534,391
350,549.5991,307.4835,141.3322,0.0000,-0.0000,-1.6180,399
351,550.4003,307.6656,141.1677,0.0000,-0.0000,1.6180,407
352,551.1991,307.8551,141.0027,0.0000,-0.0000,4.8534,403
353,551.9957,308.0518,140.8372,0.0000,-0.0000,8.0872,386
354,552.7900,308.2558,140.6713,0.0000,-0.0000,11.3184,382
355,553.5819,308.4669,140.5049,0.0000,-0.0000,14.5460,366
356,554.3716,308.6850,140.3380,0.0000,-0.0000,17.7689,376
357,555.1590,308.9100,140.1707,0.0000,-0.0000,20.9860,388
358,555.9441,309.1417,140.0029,0.0000,-0.0000,24.1963,401
359,556.7269,309.3801,139.8346,0.0000,-0.0000,27.3989,406
360,557.5074,309.6251,139.6658,0.0000,-0.0000,30.5925,402
361,558.2857,309.8766,139.4966,0.0000,-0.0000,33.7763,398
362,559.0616,310.1344,139.3269,0.0000,-0.0000,36.9492,401
363,559.8352,310.3984,139.1567,0.0000,-0.0000,40.1101,397
364,560.6066,310.6686,138.9861,0.0000,-0.0000,43.2581,381
365,561.3756,310.9448,138.8150,0.0000,-0.0000,46.3920,381
366,562.1424,311.2269,138.6434,0.0000,-0.0000,49.5110,383
367,562.9068,311.5147,138.4713,0.0000,-0.0000,52.6140,377
368,563.6690,311.8083,138.2988,0.0000,-0.0000,55.7000,379
369,564.4289,312.1074,138.1258,0.0000,-0.0000,58.7680,376
370,565.1865,312.4120,137.9523,0.0000,-0.0000,61.8170,373
371,565.9418,312.7219,137.7784,0.0000,-0.0000,64.8460,377
372,566.6948,313.0371,137.6040,0.0000,-0.0000,67.8540,373
373,567.4455,313.3573,137.4291,0.0000,-0.0000,70.8401,364
374,568.1939,313.6825,137.2538,0.0000,-0.0000,73.8034,354
375,568.9401,314.0126,137.0780,0.0000,-0.0000,76.7427,353
376,569.6839,314.3474,136.9017,0.0000,-0.0000,79.6573,359
377,570.4255,314.6869,136.7249,0.0000,-0.0000,82.5461,381
378,571.1647,315.0309,136.5477,0.0000,-0.0000,85.4083,381
379,571.9017,315.3793,136.3700,0.0000,-0.0000,88.2428,386
380,572.6363,315.7319,136.1918,0.0000,-0.0000,91.0489,384
381,573.3687,316.0887,136.0132,0.0000,-0.0000,93.8255,379
382,574.0988,316.4496,135.8341,0.0000,-0.0000,96.5717,373
383,574.8266,316.8144,135.6545,0.0000,-0.0000,99.2868,369
384,575.5521,317.1830,135.4744,0.0000,-0.0000,101.9698,362
385,576.2753,317.5552,135.2939,0.0000,-0.0000,104.6198,354
386,576.9962,317.9310,135.1129,0.0000,-0.0000,107.2360,365
387,577.7148,318.3103,134.9314,0.0000,-0.0000,109.8176,370
388,578.4312,318.6929,134.7495,0.0000,-0.0000,112.3636,365
389,579.1452,319.0787,134.5671,0.0000,-0.0000,114.8734,366
390,579.8570,319.4676,134.3842,0.0000,-0.0000,117.3460,366
391,580.5664,319.8594,134.2009,0.0000,-0.0000,119.7807,370
392,581.2736,320.2541,134.0170,0.0000,-0.0000,122.1767,374
393,581.9784,320.6515,133.8327,0.0000,-0.0000,124.5332,379
394,582.6810,321.0515,133.6480,0.0000,-0.0000,126.8495,374
395,583.3813,321.4540,133.4627,0.0000,-0.0000,129.1247,370
396,584.0793,321.8589,133.2770,0.0000,-0.0000,131.3583,372
397,584.7750,322.2660,133.0909,0.0000,-0.0000,133.5493,364
398,585.4684,322.6753,132.9042,0.0000,-0.0000,135.6972,363
399,586.1595,323.0866,132.7171,0.0000,-0.0000,137.8013,367
400,586.8483,323.4997,132.5295,0.0000,-0.0000,139.8608,367
401,587.5349,323.9147,132.3415,0.0000,-0.0000,141.8751,371
402,588.2191,324.3313,132.1529,0.0000,-0.0000,143.8436,381
403,588.9011,324.7495,131.9639,0.0000,-0.0000,145.7656,382
404,589.5807,325.1691,131.7745,0.0000,-0.0000,147.6405,382
405,590.2581,325.5900,131.5845,0.0000,-0.0000,149.4676,387
406,590.9332,326.0121,131.3941,0.0000,-0.0000,151.2465,386
407,591.6059,326.4353,131.2032,0.0000,-0.0000,152.9764,392
408,592.2764,326.8595,131.0119,0.0000,-0.0000,154.6569,394
409,592.9446,327.2846,130.8201,0.0000,-0.0000,156.2875,390
410,593.6105,327.7104,130.6278,0.0000,-0.0000,157.8675,388
411,594.2741,328.1368,130.4350,0.0000,-0.0000,159.3965,392
412,594.9354,328.5638,130.2418,0.0000,-0.0000,160.8740,387
413,595.5945,328.9911,130.0480,0.0000,-0.0000,162.2995,385
414,596.2512,329.4188,129.8539,0.0000,-0.0000,163.6726,376
415,596.9056,329.8467,129.6592,0.0000,-0.0000,164.9928,372
416,597.5578,330.2747,129.4641,0.0000,-0.0000,166.2596,375
417,598.2076,330.7026,129.2685,0.0000,-0.0000,167.4727,381
418,598.8552,331.1304,129.0725,0.0000,-0.0000,168.6317,386
419,599.5005,331.5580,128.8759,0.0000,-0.0000,169.7361,387
420,600.1434,331.9853,128.6789,0.0000,-0.0000,170.7858,392
421,600.7841,332.4121,128.4815,0.0000,-0.0000,171.7801,395
422,601.4225,332.8384,128.2835,0.0000,-0.0000,172.7172,397
423,602.0586,333.2641,128.0851,0.0000,-0.0000,173.5940,399
424,602.6924,333.6889,127.8862,0.0000,-0.0000,174.4076,406
425,603.3240,334.1130,127.6869,0.0000,-0.0000,175.1550,409
426,603.9532,334.5361,127.4870,0.0000,-0.0000,175.8334,411
427,604.5801,334.9582,127.2867,0.0000,-0.0000,176.4401,413
428,605.2048,335.3791,127.0860,0.0000,-0.0000,176.9726,418
429,605.8271,335.7988,126.8847,0.0000,-0.0000,177.4284,421
430,606.4472,336.2171,126.6830,0.0000,-0.0000,177.8052,424
431,607.0649,336.6340,126.4809,0.0000,-0.0000,178.1007,423
432,607.6804,337.0494,126.2782,0.0000,-0.0000,178.3130,418
433,608.2936,337.4632,126.0751,0.0000,-0.0000,178.4401,422
434,608.9045,337.8753,125.8715,0.0000,-0.0000,178.4803,422
435,609.5131,338.2856,125.6674,0.0000,-0.0000,178.4321,423
436,610.1194,338.6941,125.4629,0.0000,-0.0000,178.2939,421
437,610.7234,339.1005,125.2579,0.0000,-0.0000,178.0646,420
438,611.3251,339.5049,125.0524,0.0000,-0.0000,177.7432,422
439,611.9245,339.9072,124.8465,0.0000,-0.0000,177.3286,425
440,612.5217,340.3072,124.6401,0.0000,-0.0000,176.8202,420
441,613.1165,340.7050,124.4332,0.0000,-0.0000,176.2175,418
442,613.7090,341.1003,124.2258,0.0000,-0.0000,175.5201,419
443,614.2993,341.4932,124.0180,0.0000,-0.0000,174.7278,419
444,614.8873,341.8836,123.8097,0.0000,-0.0000,173.8406,421
445,615.4729,342.2713,123.6009,0.0000,-0.0000,172.8586,421
446,616.0563,342.6564,123.3917,0.0000,-0.0000,171.7824,419
447,616.6374,343.0386,123.1820,0.0000,-0.0000,170.6124,418
448,617.2162,343.4181,122.9718,0.0000,-0.0000,169.3493,412
449,617.7927,343.7946,122.7611,0.0000,-0.0000,167.9940,409
450,618.3669,344.1681,122.5500,0.0000,-0.0000,166.5477,400
451,618.9388,344.5386,122.3384,0.0000,-0.0000,165.0115,396
452,619.5085,344.9059,122.1263,0.0000,-0.0000,163.3869,404
453,620.0758,345.2701,121.9138,0.0000,-0.0000,161.6755,413
454,620.6408,345.6310,121.7008,0.0000,-0.0000,159.8789,419
455,621.2036,345.9886,121.4873,0.0000,-0.0000,157.9991,431
456,621.7640,346.3428,121.2734,0.0000,-0.0000,156.0382,441
457,622.3222,346.6936,121.0590,0.0000,-0.0000,153.9983,445
458,622.8781,347.0409,120.8441,0.0000,-0.0000,151.8818,445
459,623.4317,347.3846,120.6287,0.0000,-0.0000,149.6911,445
460,623.9829,347.7248,120.4129,0.0000,-0.0000,147.4289,436
461,624.5319,348.0612,120.1966,0.0000,-0.0000,145.0979,431
462,625.0786,348.3939,119.9798,0.0000,-0.0000,142.7010,423
463,625.6230,348.7229,119.7626,0.0000,-0.0000,140.2410,412
464,626.1652,349.0480,119.5449,0.0000,-0.0000,137.7212,400
465,626.7050,349.3693,119.3267,0.0000,-0.0000,135.1446,389
466,627.2425,349.6866,119.1080,0.0000,-0.0000,132.5145,399
467,627.7778,350.0000,118.8889,0.0000,-0.0000,129.8344,406
468,628.3107,350.3094,118.6693,0.0000,-0.0000,127.1075,408
469,628.8414,350.6147,118.4492,0.0000,-0.0000,124.3374,410
470,629.3698,350.9159,118.2287,0.0000,-0.0000,121.5276,411
471,629.8958,351.2130,118.0077,0.0000,-0.0000,118.6818,409
472,630.4196,351.5059,117.7862,0.0000,-0.0000,115.8037,416
473,630.9411,351.7946,117.5642,0.0000,-0.0000,112.8969,417
474,631.4603,352.0791,117.3418,0.0000,-0.0000,109.9651,409
475,631.9772,352.3593,117.1189,0.0000,-0.0000,107.0121,404
476,632.4918,352.6352,116.8956,0.0000,-0.0000,104.0417,398
477,633.0041,352.9067,116.6717,0.0000,-0.0000,101.0577,404
478,633.5142,353.1739,116.4474,0.0000,-0.0000,98.0638,412
479,634.0219,353.4366,116.2227,0.0000,-0.0000,95.0639,421
480,634.5273,353.6950,115.9974,0.0000,-0.0000,92.0615,424
481,635.0305,353.9489,115.7717,0.0000,-0.0000,89.0606,419
482,635.5313,354.1983,115.5455,0.0000,-0.0000,86.0648,427
483,636.0299,354.4432,115.3189,0.0000,-0.0000,83.0777,426
484,636.5262,354.6836,115.0917,0.0000,-0.0000,80.1031,414
485,637.0202,354.9195,114.8641,0.0000,-0.0000,77.1443,409
486,637.5119,355.1508,114.6361,0.0000,-0.0000,74.2050,400
487,638.0013,355.3775,114.4075,0.0000,-0.0000,71.2886,411
488,638.4884,355.5997,114.1785,0.0000,-0.0000,68.3984,418
489,638.9732,355.8173,113.9490,0.0000,-0.0000,65.5377,416
490,639.4557,356.0302,113.7191,0.0000,-0.0000,62.7098,418
491,639.9359,356.2386,113.4887,0.0000,-0.0000,59.9177,427
492,640.4138,356.4423,113.2578,0.0000,-0.0000,57.1644,425
493,640.8895,356.6413,113.0264,0.0000,-0.0000,54.4528,433
494,641.3629,356.8358,112.7946,0.0000,-0.0000,51.7858,436
495,641.8339,357.0256,112.5623,0.0000,-0.0000,49.1660,431
496,642.3027,357.2107,112.3295,0.0000,-0.0000,46.5959,414
497,642.7691,357.3912,112.0962,0.0000,-0.0000,44.0779,411
498,643.2333,357.5671,111.8625,0.0000,-0.0000,41.6145,418
499,643.6952,357.7383,111.6283,0.0000,-0.0000,39.2077,426
500,644.1548,357.9048,111.3937,0.0000,-0.0000,36.8596,429
501,644.6121,358.0667,111.1585,0.0000,-0.0000,34.5721,434
502,645.0671,358.2240,110.9229,0.0000,-0.0000,32.3469,441
503,645.5199,358.3767,110.6869,0.0000,-0.0000,30.1857,445
504,645.9703,358.5247,110.4503,0.0000,-0.0000,28.0898,445
505,646.4184,358.6681,110.2133,0.0000,-0.0000,26.0607,438
506,646.8643,358.8069,109.9758,0.0000,-0.0000,24.0994,430
507,647.3078,358.9411,109.7379,0.0000,-0.0000,22.2070,423
508,647.7491,359.0708,109.4994,0.0000,-0.0000,20.3843,412
509,648.1880,359.1959,109.2605,0.0000,-0.0000,18.6320,404
510,648.6247,359.3164,109.0212,0.0000,-0.0000,16.9507,396
511,649.0591,359.4324,108.7813,0.0000,-0.0000,15.3407,393
512,649.4912,359.5439,108.5410,0.0000,-0.0000,13.8024,392
513,649.9210,359.6509,108.3002,0.0000,-0.0000,12.3356,393
514,650.3485,359.7535,108.0590,0.0000,-0.0000,10.9405,403
515,650.7737,359.8516,107.8173,0.0000,-0.0000,9.6168,398
516,651.1966,359.9452,107.5751,0.0000,-0.0000,8.3640,394
517,651.6173,360.0345,107.3324,0.0000,-0.0000,7.1818,388
518,652.0356,360.1194,107.0893,0.0000,-0.0000,6.0693,386
519,652.4517,360.1999,106.8457,0.0000,-0.0000,5.0260,380
520,652.8654,360.2761,106.6016,0.0000,-0.0000,4.0507,382
521,653.2769,360.3481,106.3571,0.0000,-0.0000,3.1424,380
522,653.6860,360.4157,106.1121,0.0000,-0.0000,2.3000,380
523,654.0929,360.4792,105.8666,0.0000,-0.0000,1.5221,380
524,654.4975,360.5384,105.6206,0.0000,-0.0000,0.8072,375
525,654.8998,360.5935,105.3742,0.0000,-0.0000,0.1539,373
526,655.2998,360.6444,105.1273,0.0000,-0.0000,-0.4396,371
527,655.6975,360.6913,104.8799,0.0000,-0.0000,-0.9750,373
528,656.0929,360.7340,104.6321,0.0000,-0.0000,-1.4542,375
529,656.4860,360.7728,104.3838,0.0000,-0.0000,-1.8791,374
530,656.8769,360.8076,104.1350,0.0000,-0.0000,-2.2519,370
531,657.2654,360.8384,103.8857,0.0000,-0.0000,-2.5746,370
532,657.6516,360.8653,103.6360,0.0000,-0.0000,-2.8494,370
533,658.0356,360.8884,103.3858,0.0000,-0.0000,-3.0786,370
534,658.4173,360.9076,103.1351,0.0000,-0.0000,-3.2645,369
535,658.7966,360.9231,102.8840,0.0000,-0.0000,-3.4095,367
536,659.1737,360.9348,102.6324,0.0000,-0.0000,-3.5161,366
537,659.5485,360.9428,102.3803,0.0000,-0.0000,-3.5865,364
538,659.9210,360.9472,102.1278,0.0000,-0.0000,-3.6234,361
539,660.2912,360.9480,101.8748,0.0000,-0.0000,-3.6292,359
540,660.6591,360.9452,101.6213,0.0000,-0.0000,-3.6064,356
541,661.0247,360.9389,101.3673,0.0000,-0.0000,-3.5575,353
542,661.3880,360.9292,101.1129,0.0000,-0.0000,-3.4851,350
543,661.7491,360.9160,100.8580,0.0000,-0.0000,-3.3915,347
544,662.1078,360.8995,100.6026,0.0000,-0.0000,-3.2792,346
545,662.4642,360.8796,100.3468,0.0000,-0.0000,-3.1508,344
546,662.8184,360.8566,100.0905,0.0000,-0.0000,-3.0085,342
547,663.1703,360.8303,99.8337,0.0000,-0.0000,-2.8546,339
548,663.5198,360.8008,99.5764,0.0000,-0.0000,-2.6915,338
549,663.8671,360.7682,99.3187,0.0000,-0.0000,-2.5213,337
550,664.2121,360.7326,99.0605,0.0000,-0.0000,-2.3461,335
551,664.5548,360.6940,98.8018,0.0000,-0.0000,-2.1680,332
552,664.8952,360.6525,98.5427,0.0000,-0.0000,-1.9890,329
553,665.2333,360.6080,98.2831,0.0000,-0.0000,-1.8108,328
554,665.5691,360.5607,98.0230,0.0000,-0.0000,-1.6351,325
555,665.9026,360.5107,97.7625,0.0000,-0.0000,-1.4636,322
556,666.2339,360.4579,97.5014,0.0000,-0.0000,-1.2978,323
557,666.5628,360.4025,97.2399,0.0000,-0.0000,-1.1390,319
558,666.8895,360.3444,96.9780,0.0000,-0.0000,-0.9883,316
559,667.2138,360.2838,96.7155,0.0000,-0.0000,-0.8468,315
560,667.5359,360.2207,96.4526,0.0000,-0.0000,-0.7154,311
561,667.8556,360.1552,96.1893,0.0000,-0.0000,-0.5949,310
562,668.1731,360.0873,95.9254,0.0000,-0.0000,-0.4857,312
563,668.4883,360.0171,95.6611,0.0000,-0.0000,-0.3882,310
564,668.8012,359.9446,95.3963,0.0000,-0.0000,-0.3027,310
565,669.1118,359.8699,95.1311,0.0000,-0.0000,-0.2290,307
566,669.4201,359.7931,94.8653,0.0000,-0.0000,-0.1670,304
567,669.7261,359.7142,94.5991,0.0000,-0.0000,-0.1164,304
568,670.0298,359.6332,94.3325,0.0000,-0.0000,-0.0764,303
569,670.3313,359.5503,94.0653,0.0000,-0.0000,-0.0463,301
570,670.6304,359.4655,93.7977,0.0000,-0.0000,-0.0250,296
571,670.9273,359.3789,93.5296,0.0000,-0.0000,-0.0113,294
572,671.2218,359.2905,93.2611,0.0000,-0.0000,-0.0037,291
573,671.5141,359.2003,92.9921,0.0000,-0.0000,-0.0006,292
574,671.8040,359.1085,92.7226,0.0000,-0.0000,-0.0000,292
575,672.0917,359.0151,92.4526,0.0000,-0.0000,0.0000,289
576,672.3771,358.9202,92.1822,0.0000,-0.0000,0.0000,288
577,672.6602,358.8237,91.9113,0.0000,-0.0000,0.0000,286
578,672.9410,358.7259,91.6399,0.0000,-0.0000,0.0000,283
579,673.2195,358.6267,91.3680,0.0000,-0.0000,0.0000,281
580,673.4957,358.5262,91.0957,0.0000,-0.0000,0.0000,282
581,673.7697,358.4244,90.8229,0.0000,-0.0000,0.0000,281
582,674.0413,358.3215,90.5497,0.0000,-0.0000,0.0000,281
583,674.3106,358.2174,90.2759,0.0000,-0.0000,0.0000,280
584,674.5777,358.1123,90.0017,0.0000,-0.0000,0.0000,281
585,674.8424,358.0061,89.7271,0.0000,-0.0000,0.0000,280
586,675.1049,357.8991,89.4519,0.0000,-0.0000,0.0000,279
587,675.3651,357.7911,89.1763,0.0000,-0.0000,0.0000,279
588,675.6230,357.6823,88.9002,0.0000,-0.0000,0.0000,275
589,675.8785,357.5728,88.6237,0.0000,-0.0000,0.0000,274
590,676.1318,357.4625,88.3466,0.0000,-0.0000,0.0000,272
591,676.3828,357.3516,88.0691,0.0000,-0.0000,0.0000,272
592,676.6315,357.2401,87.7912,0.0000,-0.0000,0.0000,272
593,676.8780,357.1280,87.5127,0.0000,-0.0000,0.0000,272
594,677.1221,357.0155,87.2338,0.0000,-0.0000,0.0000,269
595,677.3639,356.9025,86.9544,0.0000,-0.0000,0.0000,264
596,677.6035,356.7892,86.6746,0.0000,-0.0000,0.0000,265
597,677.8407,356.6755,86.3943,0.0000,-0.0000,0.0000,264
598,678.0757,356.5616,86.1135,0.0000,-0.0000,0.0000,262
599,678.3083,356.4475,85.8322,0.0000,-0.0000,0.0000,262
600,678.5387,356.3333,85.5505,0.0000,-0.0000,0.0000,261
601,678.7668,356.2189,85.2683,0.0000,-0.0000,0.0000,256
602,678.9926,356.1045,84.9856,0.0000,-0.0000,0.0000,256
603,679.2161,355.9901,84.7025,0.0000,-0.0000,0.0000,255
604,679.4373,355.8758,84.4189,0.0000,-0.0000,0.0000,252
605,679.6562,355.7616,84.1348,0.0000,-0.0000,0.0000,251
606,679.8728,355.6475,83.8502,0.0000,-0.0000,0.0000,250
607,680.0871,355.5337,83.5652,0.0000,-0.0000,0.0000,248
608,680.2992,355.4201,83.2797,0.0000,-0.0000,0.0000,248
609,680.5089,355.3068,82.9937,0.0000,-0.0000,0.0000,248
610,680.7163,355.1939,82.7073,0.0000,-0.0000,0.0000,248
611,680.9215,355.0814,82.4204,0.0000,-0.0000,0.0000,248
612,681.1244,354.9694,82.1330,0.0000,-0.0000,0.0000,245
613,681.3250,354.8578,81.8451,0.0000,-0.0000,0.0000,243
614,681.5232,354.7468,81.5568,0.0000,-0.0000,0.0000,241
615,681.7192,354.6364,81.2680,0.0000,-0.0000,0.0000,242
616,681.9129,354.5267,80.9787,0.0000,-0.0000,0.0000,242
617,682.1043,354.4176,80.6890,0.0000,-0.0000,0.0000,239
618,682.2934,354.3092,80.3988,0.0000,-0.0000,0.0000,236
619,682.4803,354.2016,80.1081,0.0000,-0.0000,0.0000,234
620,682.6648,354.0948,79.8170,0.0000,-0.0000,0.0000,235
621,682.8470,353.9889,79.5254,0.0000,-0.0000,0.0000,232
622,683.0269,353.8838,79.2333,0.0000,-0.0000,0.0000,229
623,683.2046,353.7797,78.9407,0.0000,-0.0000,0.0000,226
624,683.3799,353.6765,78.6477,0.0000,-0.0000,0.0000,226
625,683.5530,353.5743,78.3542,0.0000,-0.0000,0.0000,226
626,683.7238,353.4732,78.0602,0.0000,-0.0000,0.0000,225
627,683.8923,353.3731,77.7658,0.0000,-0.0000,0.0000,224
628,684.0585,353.2741,77.4708,0.0000,-0.0000,0.0000,223
629,684.2224,353.1763,77.1755,0.0000,-0.0000,0.0000,223
630,684.3840,353.0796,76.8796,0.0000,-0.0000,0.0000,221
631,684.5433,352.9841,76.5833,0.0000,-0.0000,0.0000,218
632,684.7003,352.8899,76.2865,0.0000,-0.0000,0.0000,214
633,684.8550,352.7969,75.9892,0.0000,-0.0000,0.0000,214
634,685.0074,352.7052,75.6915,0.0000,-0.0000,0.0000,211
635,685.1576,352.6149,75.3933,0.0000,-0.0000,0.0000,210
636,685.3055,352.5258,75.0946,0.0000,-0.0000,0.0000,210
637,685.4510,352.4382,74.7954,0.0000,-0.0000,0.0000,208
638,685.5943,352.3519,74.4958,0.0000,-0.0000,0.0000,206
639,685.7353,352.2671,74.1957,0.0000,-0.0000,0.0000,204
640,685.8739,352.1837,73.8952,0.0000,-0.0000,0.0000,203
641,686.0103,352.1017,73.5941,0.0000,-0.0000,0.0000,200
642,686.1444,352.0213,73.2926,0.0000,-0.0000,0.0000,199
643,686.2762,351.9423,72.9907,0.0000,-0.0000,0.0000,198
644,686.4057,351.8649,72.6882,0.0000,-0.0000,0.0000,196
645,686.5330,351.7890,72.3853,0.0000,-0.0000,0.0000,194
646,686.6579,351.7146,72.0819,0.0000,-0.0000,0.0000,193
647,686.7805,351.6419,71.7781,0.0000,-0.0000,0.0000,192
648,686.9009,351.5707,71.4737,0.0000,-0.0000,0.0000,191
649,687.0189,351.5011,71.1689,0.0000,-0.0000,0.0000,188
650,687.1347,351.4331,70.8637,0.0000,-0.0000,0.0000,183
651,687.2481,351.3667,70.5579,0.0000,-0.0000,0.0000,183
652,687.3593,351.3020,70.2517,0.0000,-0.0000,0.0000,183
653,687.4682,351.2389,69.9450,0.0000,-0.0000,0.0000,181
654,687.5748,351.1775,69.6379,0.0000,-0.0000,0.0000,177
655,687.6791,351.1177,69.3303,0.0000,-0.0000,0.0000,176
656,687.7811,351.0595,69.0222,0.0000,-0.0000,0.0000,173
657,687.8808,351.0030,68.7136,0.0000,-0.0000,0.0000,173
658,687.9782,350.9482,68.4046,0.0000,-0.0000,0.0000,172
659,688.0734,350.8951,68.0951,0.0000,-0.0000,0.0000,171
660,688.1662,350.8436,67.7851,0.0000,-0.0000,0.0000,169
661,688.2567,350.7938,67.4746,0.0000,-0.0000,0.0000,167
662,688.3450,350.7457,67.1637,0.0000,-0.0000,0.0000,165
663,688.4309,350.6992,66.8523,0.0000,-0.0000,0.0000,164
664,688.5146,350.6544,66.5405,0.0000,-0.0000,0.0000,163
665,688.5960,350.6112,66.2281,0.0000,-0.0000,0.0000,159
666,688.6751,350.5697,65.9153,0.0000,-0.0000,0.0000,157
667,688.7519,350.5298,65.6021,0.0000,-0.0000,0.0000,156
668,688.8264,350.4916,65.2883,0.0000,-0.0000,0.0000,154
669,688.8986,350.4549,64.9741,0.0000,-0.0000,0.0000,151
670,688.9685,350.4199,64.6594,0.0000,-0.0000,0.0000,149
671,689.0361,350.3865,64.3443,0.0000,-0.0000,0.0000,147
672,689.1014,350.3546,64.0286,0.0000,-0.0000,0.0000,145
673,689.1645,350.3244,63.7125,0.0000,-0.0000,0.0000,142
674,689.2252,350.2956,63.3960,0.0000,-0.0000,0.0000,139
675,689.2837,350.2684,63.0789,0.0000,-0.0000,0.0000,137
676,689.3398,350.2428,62.7614,0.0000,-0.0000,0.0000,137
677,689.3937,350.2186,62.4434,0.0000,-0.0000,0.0000,137
678,689.4453,350.1959,62.1250,0.0000,-0.0000,0.0000,136
679,689.4946,350.1746,61.8061,0.0000,-0.0000,0.0000,134
680,689.5415,350.1547,61.4867,0.0000,-0.0000,0.0000,131
681,689.5862,350.1363,61.1668,0.0000,-0.0000,0.0000,129
682,689.6287,350.1192,60.8465,0.0000,-0.0000,0.0000,127
683,689.6688,350.1034,60.5257,0.0000,-0.0000,0.0000,126
684,689.7066,350.0890,60.2044,0.0000,-0.0000,0.0000,123
685,689.7421,350.0758,59.8827,0.0000,-0.0000,0.0000,122
686,689.7754,350.0638,59.5604,0.0000,-0.0000,0.0000,120
687,689.8063,350.0531,59.2378,0.0000,-0.0000,0.0000,120
688,689.8350,350.0435,58.9146,0.0000,-0.0000,0.0000,120
689,689.8613,350.0350,58.5910,0.0000,-0.0000,0.0000,120
690,689.8854,350.0276,58.2669,0.0000,-0.0000,0.0000,119
691,689.9072,350.0212,57.9423,0.0000,-0.0000,0.0000,118
692,689.9266,350.0158,57.6173,0.0000,-0.0000,0.0000,117
693,689.9438,350.0113,57.2918,0.0000,-0.0000,0.0000,117
694,689.9587,350.0077,56.9658,0.0000,-0.0000,0.0000,116
695,689.9713,350.0049,56.6393,0.0000,-0.0000,0.0000,116
696,689.9817,350.0028,56.3124,0.0000,-0.0000,0.0000,116
697,689.9897,350.0014,55.9850,0.0000,-0.0000,0.0000,115
698,689.9954,350.0005,55.6571,0.0000,-0.0000,0.0000,112
699,689.9988,350.0001,55.3288,0.0000,-0.0000,0.0000,112
700,690.0000,350.0000,55.0000,0.0000,-0.0000,0.0000,111
